itemcode,etfTabCode,itemname,nowVal,risefall,changeVal,changeRate,nav,threeMonthEarnRate,quant,amonut,marketSum
069500,1,KODEX 200,38825,5,-635,-1.61,38876.0,-9.5368,3408700,133339,53734
153130,6,KODEX 단기채권,102925,5,-20,-0.02,102930.0,0.0729,15868,1633,23327
252670,3,KODEX 200선물인버스2X,2300,2,70,3.14,2308.0,19.7916,178898061,404392,22545
371460,4,TIGER 차이나전기차SOLACTIVE,19470,2,130,0.67,,17.3598,6445462,124347,21892
102110,1,TIGER 200,38885,5,-605,-1.53,38894.0,-9.3315,570595,22270,20920
214980,6,KODEX 단기채권PLUS,103210,5,-15,-0.01,103216.0,0.063,2881635,297429,19604
102780,2,KODEX 삼성그룹,9790,5,-180,-1.81,9786.0,-7.9888,138258,1364,17465
122630,3,KODEX 레버리지,22935,5,-740,-3.13,22937.0,-18.2936,24310507,566235,16559
157450,6,TIGER 단기통안채,100375,3,0,0.0,100366.0,0.1296,2417,242,15699
133690,4,TIGER 미국나스닥100,81910,3,0,0.0,,6.3683,122499,10049,15071
273130,6,KODEX 종합채권(AA-이상)액티브,106550,5,-385,-0.36,106519.0,-2.8582,26052,2778,14609
292150,2,TIGER TOP10,13370,5,-260,-1.91,13362.0,-9.356,337697,4549,13945
305540,2,TIGER 2차전지테마,22535,5,-55,-0.24,22521.0,11.2839,1691524,38364,12856
278540,1,KODEX MSCI Korea TR,12405,5,-190,-1.51,12407.0,-9.8474,359853,4521,12380
305720,2,KODEX 2차전지산업,22560,5,-45,-0.2,22548.0,7.1733,1949317,44254,11844
114800,3,KODEX 인버스,4125,2,70,1.73,4128.0,9.8535,28780396,117584,11620
278530,1,KODEX 200TR,12775,5,-185,-1.43,12758.0,-9.1718,54876,702,11593
148020,1,KBSTAR 200,38950,5,-600,-1.52,38983.0,-9.3849,42780,1676,10750
310970,1,TIGER MSCI Korea TR,15595,5,-235,-1.48,15589.0,-9.8816,6429,100,10698
139260,2,TIGER 200 IT,34360,5,-640,-1.83,34355.0,-11.1227,217665,7533,9690
381170,4,TIGER 미국테크TOP10 INDXX,12220,5,-10,-0.08,,6.4923,2274374,27859,8676
091180,2,KODEX 자동차,21525,5,-365,-1.67,21528.0,-7.4592,252432,5468,7695
233740,1,KODEX 코스닥150 레버리지,14790,5,-325,-2.15,14964.0,-5.4348,6787784,101675,7380
152100,1,ARIRANG 200,39520,5,-575,-1.43,39505.0,-9.0972,87540,3471,7311
360750,4,TIGER 미국S&P500,13445,2,30,0.22,,5.8994,665484,8959,7274
394670,4,TIGER 글로벌리튬&2차전지SOLACTIVE(합성),12010,2,155,1.31,,13.0352,580906,6951,6870
105190,1,KINDEX 200,39150,5,-555,-1.4,39117.0,-9.2385,138657,5430,6773
293180,1,HANARO 200,38935,5,-565,-1.43,38903.0,-9.2573,242620,9499,5957
381180,4,TIGER 미국필라델피아반도체나스닥,10715,2,55,0.52,,6.5109,575239,6187,5631
364980,2,TIGER KRX2차전지K-뉴딜,17835,5,-165,-0.92,17845.0,1.566,593138,10670,5609
069660,1,KOSEF 200,38895,5,-580,-1.47,38870.0,-9.3505,15569,610,5523
251340,3,KODEX 코스닥150선물인버스,4345,2,40,0.93,4353.0,0.3464,34317740,148304,4797
314250,4,KODEX 미국FANG플러스(H),30195,2,45,0.15,,5.8174,117421,3551,4710
315930,2,KODEX Top5PlusTR,18050,5,-335,-1.82,18026.0,-7.9317,2671,48,4693
294400,1,KOSEF 200TR,46385,5,-715,-1.52,46379.0,-9.3069,11791,550,4685
360200,4,KINDEX 미국S&P500,13525,2,10,0.07,,5.9371,302925,4104,4233
364960,2,TIGER KRX BBIG K-뉴딜,12140,5,-185,-1.5,12134.0,-13.2548,302268,3689,3794
385540,6,KBSTAR KIS종합채권(A-이상)액티브,98095,5,-545,-0.55,98035.0,-3.0347,220,21,3786
196230,6,KBSTAR 단기통안채,104630,3,0,0.0,104621.0,0.1291,935707,97907,3765
226490,1,KODEX 코스피,29865,5,-450,-1.48,29929.0,-8.2348,19485,586,3733
332500,1,KINDEX 200TR,23815,5,-360,-1.49,23796.0,-9.2071,5653,134,3453
091170,2,KODEX 은행,7625,5,-105,-1.36,7635.0,2.4177,1301780,9947,3435
251350,4,KODEX 선진국MSCI World,20785,5,-20,-0.1,,4.9747,33694,699,3388
229200,1,KODEX 코스닥 150,14345,5,-130,-0.9,14516.0,-2.415,1657870,23910,3385
290130,2,KBSTAR ESG사회책임투자,12575,5,-185,-1.45,12575.0,-9.6948,51112,645,3276
367770,2,KBSTAR Fn수소경제테마,12215,5,-170,-1.37,12234.0,-3.3624,311110,3814,3255
371160,4,TIGER 차이나항셍테크,8330,5,-90,-1.07,,-5.3947,395004,3302,3224
367380,4,KINDEX 미국나스닥100,14040,5,-15,-0.11,,6.1946,160270,2255,2976
143850,4,TIGER 미국S&P500선물(H),53445,2,175,0.33,,3.9988,35305,1887,2752
357870,7,TIGER CD금리투자KIS(합성),50465,3,0,0.0,50464.0,0.1886,13,0,2576
272560,6,KBSTAR 단기국공채액티브,102125,5,-35,-0.03,102104.0,0.0195,168869,17248,2553
385550,6,KBSTAR KIS단기종합채권(AA-이상)액티브,100065,5,-10,-0.01,100051.0,0.07,18,1,2547
332940,1,HANARO MSCI Korea TR,15575,5,-235,-1.49,15570.0,-9.893,3952,62,2523
275980,4,TIGER 글로벌4차산업혁신기술(합성 H),19020,5,-20,-0.11,,1.1971,24464,466,2511
295040,1,SOL 200TR,13285,5,-195,-1.45,13277.0,-9.2865,105287,1403,2451
192090,4,TIGER 차이나CSI300,11910,2,100,0.85,,4.5195,144510,1715,2406
108450,2,KINDEX 삼성그룹섹터가중,16365,5,-310,-1.86,16349.0,-6.8583,582,9,2406
168580,4,KINDEX 중국본토CSI300,31925,2,325,1.03,,6.1512,17502,556,2394
132030,5,KODEX 골드선물(H),12145,5,-45,-0.37,,-1.4605,103301,1255,2308
091160,2,KODEX 반도체,33535,5,-535,-1.57,33532.0,-10.7994,225006,7603,2297
245710,4,KINDEX 베트남VN30(합성),22900,2,25,0.11,,9.7005,32839,753,2244
161510,2,ARIRANG 고배당주,12730,5,-125,-0.97,12727.0,0.9516,210593,2685,2058
326240,2,KBSTAR IT플러스,21175,5,-200,-0.94,21170.0,-7.5126,13395,284,2016
332930,1,HANARO 200TR,46455,5,-640,-1.36,46418.0,-9.3208,302,14,1998
190620,6,KINDEX 단기통안채,100520,3,0,0.0,100515.0,0.1394,565,56,1974
272580,6,TIGER 단기채권액티브,50185,3,0,0.0,50176.0,0.1396,1649,82,1965
261220,5,KODEX WTI원유선물(H),12665,2,110,0.88,,14.9274,576681,7311,1947
329750,6,TIGER 미국달러단기채권액티브,10000,5,-20,-0.2,,1.7293,66740,667,1885
325020,2,KODEX 배당가치,12960,5,-155,-1.18,12946.0,-5.436,4570,59,1750
390950,6,HANARO 단기채권액티브,100220,2,15,0.01,100211.0,0.1248,2100,210,1748
182480,7,TIGER 미국MSCI리츠(합성 H),15620,2,120,0.77,,3.4916,58320,911,1718
379810,4,KODEX 미국나스닥100TR,12030,3,0,0.0,,6.272,376514,4536,1696
302450,1,KBSTAR 코스피,29935,5,-395,-1.3,29902.0,-8.2734,426,12,1691
148070,6,KOSEF 국고채10년,115900,5,-1905,-1.62,115980.0,-5.206,119892,13966,1681
379800,4,KODEX 미국S&P500TR,11770,2,15,0.13,,5.9882,370579,4368,1601
278240,1,KBSTAR 코스닥150선물레버리지,15195,5,-320,-2.06,15196.0,-4.9422,16190,248,1579
270810,1,KBSTAR 코스닥150,14275,5,-95,-0.66,14447.0,-2.4932,741,10,1565
232080,1,TIGER 코스닥150,14550,5,-150,-1.02,14721.0,-2.5453,14623,214,1560
372330,4,KODEX 차이나항셍테크,8345,5,-95,-1.13,,-5.5996,204588,1713,1540
394660,4,TIGER 글로벌자율주행&전기차SOLACTIVE,11260,2,175,1.58,,7.5453,338222,3799,1477
143860,2,TIGER 헬스케어,36725,5,-1365,-3.58,36856.0,-15.7491,122356,4525,1469
385560,6,KBSTAR KIS국고채30년Enhanced,93780,5,-1420,-1.49,93828.0,-12.9943,436,41,1463
150460,2,TIGER 중국소비테마,8545,5,-70,-0.81,8552.0,-5.7884,11621,99,1448
368590,4,KBSTAR 미국나스닥100,13635,3,0,0.0,,6.2329,107621,1469,1445
400970,2,TIGER Fn메타버스,11715,2,20,0.17,11718.0,,2360181,27594,1371
219480,4,KODEX 미국S&P500선물(H),21995,2,70,0.32,,4.0198,21435,472,1353
252710,3,TIGER 200선물인버스2X,2390,2,70,3.02,2401.0,19.7994,6650257,15675,1350
138540,2,TIGER 현대차그룹+펀더멘털,24965,5,-395,-1.56,24968.0,-8.419,41266,1036,1343
091230,2,TIGER 반도체,34345,5,-595,-1.7,34407.0,-10.7923,43947,1524,1333
228800,2,TIGER 여행레저,5520,5,-60,-1.08,5515.0,2.3169,959090,5305,1328
267770,3,TIGER 200선물레버리지,17250,5,-570,-3.2,17226.0,-18.5937,745506,13145,1311
136340,6,KBSTAR 중기우량회사채,103730,5,-175,-0.17,103689.0,-1.2942,12963,1345,1255
395750,2,ARIRANG ESG가치주액티브,9250,5,-55,-0.59,9249.0,,20370,188,1253
322400,2,HANARO e커머스,18705,5,-25,-0.13,18702.0,-8.7784,16742,313,1216
204480,4,TIGER 차이나CSI300레버리지(합성),31525,2,530,1.71,,8.1846,35913,1121,1166
273140,6,KODEX 단기변동금리부채권액티브,102820,5,-15,-0.01,102816.0,0.1948,16,1,1142
367760,2,KBSTAR Fn5G테크,9895,5,-195,-1.93,9900.0,-13.2018,17953,179,1138
283580,4,KODEX 차이나CSI300,14485,2,110,0.77,,5.3454,42627,615,1130
261240,7,KODEX 미국달러선물,10335,5,-15,-0.14,10346.0,1.7224,153059,1582,1124
130730,6,KOSEF 단기자금,101245,5,-5,0.0,101236.0,0.0988,7552,764,1117
309230,2,KINDEX 미국WideMoat가치주,17770,2,25,0.14,,1.7754,41539,739,1102
298770,4,KODEX 한국대만IT프리미어,19460,5,-115,-0.59,,-4.3735,2027,39,1090
329200,2,TIGER 부동산인프라고배당,6010,2,5,0.08,6019.0,4.304,315118,1895,1088
114260,6,KODEX 국고채3년,57060,5,-150,-0.26,57062.0,-1.5528,13651,780,1058
139220,2,TIGER 200 건설,3140,5,-10,-0.32,3143.0,-7.1006,337178,1066,1044
328370,1,ARIRANG 코스피TR,14990,5,-150,-0.99,14994.0,-7.9522,6244,93,1042
325010,2,KODEX Fn성장,17255,5,-260,-1.48,17236.0,-8.5101,1365,23,1035
329650,7,KODEX TRF3070,11300,5,-40,-0.35,11264.0,-0.8337,54600,618,1006
144600,5,KODEX 은선물(H),4900,5,-50,-1.01,,-5.9501,223015,1094,995
157490,2,TIGER 소프트웨어,17125,5,-15,-0.09,17148.0,-11.9085,135614,2323,990
225040,4,TIGER 미국S&P500레버리지(합성 H),35340,2,200,0.57,,6.848,32130,1138,990
401470,2,KODEX K-메타버스액티브,12370,2,260,2.15,12373.0,,1816744,22291,965
364970,2,TIGER KRX바이오K-뉴딜,8500,5,-425,-4.76,8509.0,-18.6603,1718752,14835,931
371470,4,TIGER 차이나바이오테크SOLACTIVE,10905,3,0,0.0,,-11.0523,63837,696,912
122260,6,KOSEF 통안채1년,101110,5,-55,-0.05,101087.0,-0.1186,67603,6837,900
139280,2,TIGER 경기방어,10975,5,-245,-2.18,10969.0,-11.349,4117,45,896
117700,2,KODEX 건설,3540,5,-10,-0.28,3544.0,-9.347,625412,2226,878
304940,4,KODEX 미국나스닥100선물(H),19830,2,25,0.13,,4.0944,40550,804,873
306520,3,HANARO 200선물인버스,9500,2,175,1.88,9504.0,10.1449,11055,104,850
387270,4,TIGER 글로벌BBIG액티브,12085,5,-45,-0.37,,6.1484,130239,1577,824
195930,4,TIGER 유로스탁스50(합성 H),14330,5,-35,-0.24,,2.8345,15928,229,817
228810,2,TIGER 미디어컨텐츠,10140,2,60,0.6,10135.0,18.9442,1295137,13098,812
174360,4,KBSTAR 중국본토대형주CSI100,21400,2,65,0.3,,5.8619,587,12,792
266160,2,KBSTAR 고배당,12350,5,-125,-1.0,12347.0,-3.9285,38764,484,778
195980,4,ARIRANG 신흥국MSCI(합성 H),12125,5,-80,-0.66,,-2.2178,17753,216,754
123310,3,TIGER 인버스,4570,2,75,1.67,4574.0,10.1204,257162,1164,717
376410,2,TIGER 탄소효율그린뉴딜,9495,5,-125,-1.3,9498.0,-7.9318,25089,239,712
387280,2,TIGER 퓨처모빌리티액티브,11205,5,-70,-0.62,11220.0,0.4032,43765,493,698
245340,4,TIGER 미국다우존스30,21125,2,15,0.07,,3.9872,8035,169,697
404540,2,TIGER KRX기후변화솔루션,9900,5,-130,-1.3,9905.0,,212050,2122,693
385520,2,KODEX K-미래차액티브,10710,5,-50,-0.46,10711.0,-1.8782,23901,257,691
114820,6,TIGER 국채3년,108560,5,-310,-0.28,108573.0,-1.6266,647,70,684
305080,6,TIGER 미국채10년선물,11860,5,-50,-0.42,,-0.6285,65123,773,676
385510,2,KODEX K-신재생에너지액티브,11865,2,40,0.34,11861.0,8.4056,81698,971,670
396510,4,TIGER 차이나클린에너지SOLACTIVE,11270,2,85,0.76,,,349642,3872,663
130680,5,TIGER 원유선물Enhanced(H),3835,2,40,1.05,,15.3383,206412,791,656
302190,6,TIGER 중장기국채,50860,5,-440,-0.86,50788.0,-3.5007,1004,51,641
256750,4,KODEX 차이나심천ChiNext(합성),14875,2,155,1.05,,-0.9654,19829,292,640
245360,4,TIGER 차이나HSCEI,11190,5,-125,-1.1,,-1.756,7230,81,638
277630,1,TIGER 코스피,30230,5,-370,-1.21,30251.0,-7.9196,1234,37,635
363510,6,SOL KIS단기통안채,100450,5,-25,-0.02,100466.0,0.0647,101,10,633
368190,2,HANARO Fn K-뉴딜디지털플러스,12195,5,-200,-1.61,12196.0,-10.953,20678,253,628
365000,2,TIGER KRX인터넷K-뉴딜,11720,2,15,0.13,11769.0,-8.7938,89731,1052,627
233160,1,TIGER 코스닥150 레버리지,15770,5,-350,-2.17,15930.0,-5.2853,123340,1982,623
395760,2,ARIRANG ESG성장주액티브,9455,5,-35,-0.37,9449.0,,399,3,619
200250,4,KOSEF 인도Nifty50(합성),19060,5,-215,-1.12,,15.4102,52363,998,581
102970,2,KODEX 증권,7995,5,-35,-0.44,7993.0,-3.4421,63326,506,560
354350,4,HANARO 글로벌럭셔리S&P(합성),18820,2,105,0.56,,3.095,91424,1721,555
315960,2,KBSTAR 대형고배당10TR,15530,5,-285,-1.8,15532.0,-6.8387,15531,243,544
139230,2,TIGER 200 중공업,3470,2,15,0.43,3462.0,-8.6843,559645,1947,543
363580,2,KODEX 200IT TR,12965,5,-245,-1.85,12964.0,-10.9547,2428,31,532
371450,4,TIGER 글로벌클라우드컴퓨팅INDXX,13020,2,45,0.35,,11.9037,24130,314,531
379780,4,KBSTAR 미국S&P500,11695,2,25,0.21,,5.8371,109989,1287,526
266360,2,KODEX 미디어&엔터테인먼트,25055,5,-15,-0.06,25141.0,-4.9868,18364,461,526
289260,2,TIGER MSCI KOREA ESG리더스,11240,5,-220,-1.92,11258.0,-8.0197,66916,757,526
337160,2,KODEX 200ESG,13940,5,-185,-1.31,13939.0,-8.8592,2924,40,516
117680,2,KODEX 철강,8945,5,-85,-0.94,8971.0,-14.361,220106,1974,513
385720,1,TIMEFOLIO Kstock액티브,10250,5,-80,-0.77,10254.0,0.3426,16071,165,502
336160,6,KBSTAR 금융채액티브,101635,5,-325,-0.32,101605.0,-1.2965,100,10,498
404260,2,KODEX KRX기후변화솔루션,9875,5,-110,-1.1,9865.0,,93838,935,494
099140,4,KODEX 차이나H,18980,5,-225,-1.17,,-1.9122,4398,83,493
219390,4,KBSTAR 미국S&P원유생산기업(합성 H),4775,2,40,0.84,,24.8366,223677,1068,478
304780,1,HANARO 200선물레버리지,25050,5,-820,-3.17,24996.0,-18.5764,1436,36,476
256440,4,KINDEX 인도네시아MSCI(합성),9295,2,55,0.6,,19.473,18204,169,474
356540,6,KINDEX KIS종합채권(AA-이상)액티브,96350,5,-420,-0.43,96167.0,-2.873,6,0,467
266370,2,KODEX IT,19460,5,-410,-2.06,19518.0,-7.8817,6040,118,467
375770,2,KODEX 탄소효율그린뉴딜,9505,5,-125,-1.3,9509.0,-7.8973,10128,96,456
363570,6,KODEX 장기종합채권(AA-이상)액티브KAP,92970,2,110,0.12,92896.0,-4.963,3,0,454
292190,1,KODEX KRX300,18060,5,-245,-1.34,18064.0,-8.6957,9264,169,452
228790,2,TIGER 화장품,3160,5,-55,-1.71,3157.0,-16.0691,304530,966,449
361580,1,KBSTAR 200TR,20020,5,-295,-1.45,20000.0,-9.3298,3296,66,440
114460,6,KINDEX 국고채3년,104825,5,-185,-0.18,104707.0,-1.4942,62,6,440
397410,6,KBSTAR 국채선물5년추종인버스,51625,2,295,0.57,51606.0,,16,0,418
388280,2,KBSTAR Fn컨택트대표,10095,5,-40,-0.39,10083.0,2.748,179893,1816,414
341850,7,TIGER KIS부동산인프라채권TR,5780,2,10,0.17,5776.0,2.646,27943,161,413
203780,4,TIGER 미국나스닥바이오,21390,2,150,0.71,,-1.474,13128,281,406
204450,4,KODEX 차이나H레버리지(H),4795,5,-95,-1.94,,-8.9269,108950,523,398
243880,2,TIGER 200IT레버리지,52730,5,-1685,-3.1,52639.0,-21.8584,5732,307,395
269540,4,ARIRANG 미국S&P500(H),18830,2,55,0.29,,4.2058,7399,139,395
396500,2,TIGER Fn반도체TOP10,8565,5,-140,-1.61,8564.0,,416110,3593,390
139270,2,TIGER 200 금융,7075,5,-125,-1.74,7094.0,0.1982,30595,217,383
326230,2,KBSTAR 내수주플러스,10040,5,-115,-1.13,10044.0,-9.7934,355,3,375
280930,4,KODEX 미국러셀2000(H),14905,2,215,1.46,,2.864,9479,141,373
276970,4,KODEX 미국S&P고배당커버드콜(합성 H),10325,3,0,0.0,,2.3696,6552,67,372
123320,3,TIGER 레버리지,21830,5,-650,-2.89,21748.0,-18.2857,81013,1788,371
304770,1,HANARO 코스닥150,14340,5,-130,-0.9,14512.0,-2.1495,757,10,364
400570,4,KODEX 유럽탄소배출권선물ICE(H),9495,5,-5,-0.05,,,79798,757,360
276650,4,KBSTAR 글로벌4차산업IT(합성 H),23905,2,105,0.44,,2.2455,5746,137,359
396520,4,TIGER 차이나반도체FACTSET,9185,2,155,1.72,,,167653,1527,349
279530,2,KODEX 고배당,10205,5,-120,-1.16,10230.0,1.999,14241,145,347
364990,2,TIGER KRX게임K-뉴딜,11925,2,45,0.38,11913.0,-11.0407,91566,1093,346
252420,3,KBSTAR 200선물인버스2X,2305,2,75,3.36,2305.0,19.43,240343,546,346
385600,2,네비게이터 친환경자동차밸류체인액티브,10965,5,-65,-0.59,10948.0,0.1827,8768,96,340
169950,4,KODEX 차이나A50,22565,5,-65,-0.29,,7.0445,1419,32,338
282000,3,KBSTAR 국고채3년선물인버스,101795,2,280,0.28,101814.0,1.8714,58,5,335
310960,1,TIGER 200TR,20810,5,-305,-1.44,20789.0,-9.2258,2370,49,333
359210,1,KODEX 코스피TR,13785,5,-160,-1.15,13788.0,-8.1,223,3,331
114470,6,KOSEF 국고채3년,110260,5,-240,-0.22,110218.0,-1.558,249,27,331
385590,2,네비게이터 ESG액티브,9435,5,-120,-1.26,9421.0,-6.4453,3174,30,330
138230,7,KOSEF 미국달러선물,12275,5,-20,-0.16,12293.0,1.6984,16387,201,323
332620,6,ARIRANG 미국장기우량회사채,103580,5,-275,-0.26,,0.1934,1423,147,316
337140,2,KODEX 코스피대형주,13700,5,-215,-1.55,13723.0,-9.4215,617,8,315
272570,6,KBSTAR 중장기국공채액티브,101020,5,-310,-0.31,100941.0,-2.6079,147,14,308
217780,4,TIGER 차이나CSI300인버스(합성),7450,5,-25,-0.33,,-5.0956,17235,128,298
227540,2,TIGER 200 헬스케어,22395,5,-770,-3.32,22392.0,-11.7265,11754,265,296
244580,2,KODEX 바이오,13075,5,-415,-3.08,13187.0,-11.9233,37707,499,293
391600,4,KINDEX 미국친환경그린테마INDXX,11205,2,290,2.66,,,190742,2141,291
385710,2,TIMEFOLIO BBIG액티브,11585,5,-140,-1.19,11638.0,3.0235,5600,65,290
390390,4,KODEX 미국반도체MV,10720,2,90,0.85,,7.0394,62965,676,289
287180,4,ARIRANG 미국나스닥기술주,25090,5,-5,-0.02,,7.2222,7703,193,289
236350,4,TIGER 인도니프티50레버리지(합성),26020,5,-840,-3.13,,29.7755,38667,1006,286
319640,4,TIGER 골드선물(H),12985,5,-45,-0.35,,-1.1797,19988,259,286
137610,5,TIGER 농산물선물Enhanced(H),6620,2,100,1.53,,1.3782,75817,499,285
181480,7,KINDEX 미국다우존스리츠(합성 H),101360,2,1360,1.36,,4.5379,4062,409,284
381560,2,HANARO Fn전기&수소차,10160,5,-135,-1.31,10160.0,-5.2239,48996,500,274
213630,4,ARIRANG 미국다우존스고배당주(합성 H),15675,5,-45,-0.29,,2.585,2886,45,271
292160,1,TIGER KRX300,17985,5,-265,-1.45,18012.0,-8.8814,155,2,270
277540,4,KINDEX S&P아시아TOP50,14660,5,-175,-1.18,,-2.8818,3441,50,264
331910,2,KOSEF Fn중소형,24730,5,-175,-0.7,24715.0,-7.7755,6069,149,262
354500,1,KINDEX 코스닥150,14530,5,-150,-1.02,14501.0,-1.2573,59,0,262
252410,3,KBSTAR 200선물인버스,5330,2,100,1.91,5334.0,9.6707,7511,39,261
239660,6,ARIRANG 우량회사채50 1년,108370,5,-65,-0.06,108361.0,-0.1797,527,57,260
152870,1,파워 200,39765,5,-620,-1.54,39804.0,-9.1169,29,1,258
266420,2,KODEX 헬스케어,16050,5,-605,-3.63,16130.0,-15.6817,38872,629,257
250780,3,TIGER 코스닥150선물인버스,4460,2,45,1.02,4466.0,0.3374,347162,1536,252
253250,3,KOSEF 200선물레버리지,20615,5,-670,-3.15,20555.0,-18.5661,3771,78,252
160580,5,TIGER 구리실물,10605,2,60,0.57,,3.4129,12065,127,249
218420,4,KODEX 미국S&P에너지(합성),7945,2,105,1.34,,17.7909,15897,125,242
176950,6,KODEX 국채선물10년인버스,49095,2,820,1.7,49017.0,5.9109,3719,181,242
365040,1,TIGER AI코리아그로스액티브,13165,5,-205,-1.53,13194.0,-7.9371,4006,53,237
248270,4,TIGER S&P글로벌헬스케어(합성),18140,2,5,0.03,,2.1108,33698,613,236
114100,6,KBSTAR 국고채3년,110820,5,-170,-0.15,110778.0,-1.5459,2564,284,233
252400,3,KBSTAR 200선물레버리지,20870,5,-705,-3.27,20832.0,-18.6514,10358,219,230
332610,6,ARIRANG 미국단기우량회사채,98750,5,-250,-0.25,,1.5006,130,12,227
266410,2,KODEX 필수소비재,8700,5,-90,-1.02,8698.0,-11.9879,17679,154,226
322410,2,HANARO 고배당,11025,5,-65,-0.59,11027.0,-2.563,6338,70,226
168300,1,KTOP 코스피50,27325,5,-610,-2.18,27437.0,-9.5948,124,3,225
304660,6,KODEX 미국채울트라30년선물(H),12465,5,-80,-0.64,,-1.618,27696,345,224
225800,3,KOSEF 미국달러선물레버리지,9355,5,-25,-0.27,9373.0,3.3701,93275,873,220
225130,4,KINDEX 골드선물 레버리지(합성 H),16860,5,-105,-0.62,,-3.4365,5188,87,219
285690,2,FOCUS ESG리더스,11240,5,-120,-1.06,11268.0,-7.3754,146,1,219
261250,7,KODEX 미국달러선물레버리지,9830,5,-25,-0.25,9845.0,3.3648,148884,1465,216
237370,7,KODEX 배당성장채권혼합,11955,5,-80,-0.66,11964.0,-1.8473,5473,65,215
377990,2,TIGER Fn신재생에너지,10440,3,0,0.0,10458.0,-1.7874,28521,299,214
139250,2,TIGER 200 에너지화학,20515,5,-205,-0.99,20510.0,-2.4953,68806,1415,213
152380,6,KODEX 국채선물10년,69400,2,1730,2.56,66858.0,-1.7832,6215,418,212
210780,2,TIGER 코스피고배당,15360,5,-220,-1.41,15410.0,3.6017,5676,87,212
329660,7,KODEX TRF5050,12395,5,-30,-0.24,12384.0,1.0599,4452,55,211
091220,2,TIGER 은행,7965,5,-100,-1.24,7968.0,2.5624,257695,2054,210
276990,4,KODEX 글로벌4차산업로보틱스(합성),18615,5,-40,-0.21,,5.6469,9194,171,208
138520,2,TIGER 삼성그룹펀더멘털,11630,5,-215,-1.82,11632.0,-8.9985,12583,147,207
227570,2,TIGER 우량가치,12445,5,-145,-1.15,12482.0,-4.2693,6074,75,205
329670,7,KODEX TRF7030,13515,2,40,0.3,13520.0,2.8147,4725,63,203
211900,2,KODEX 배당성장,15510,5,-195,-1.24,15559.0,-3.3946,6206,96,202
388420,2,KBSTAR 비메모리반도체액티브,9595,5,-110,-1.13,9627.0,-6.0236,73897,714,201
278620,6,ARIRANG 단기채권액티브,105835,5,-5,0.0,105829.0,-0.1793,71,7,200
371130,4,KINDEX 블룸버그베트남VN30선물레버리지(H),22105,2,70,0.32,,15.6724,5836,129,199
117460,2,KODEX 에너지화학,20015,5,-185,-0.92,20055.0,-0.5219,3211,64,196
404120,2,TIMEFOLIO 탄소중립액티브,9805,5,-120,-1.21,9804.0,,168370,1667,196
352560,7,KODEX 다우존스미국리츠(H),15055,2,175,1.18,,4.1868,19632,295,196
368680,2,KODEX Fn K-뉴딜디지털플러스,12210,5,-210,-1.69,12215.0,-10.876,4435,54,195
140710,2,KODEX 운송,5910,5,-90,-1.5,5909.0,-15.4507,59712,355,195
138910,5,KODEX 구리선물(H),8105,5,-70,-0.86,,-2.2317,20313,165,195
337150,2,KODEX 200exTOP,13765,5,-175,-1.26,13649.0,-7.9265,14,0,193
143460,2,KINDEX 밸류대형,9440,5,-135,-1.41,9438.0,-7.4056,35,0,189
200030,4,KODEX 미국S&P산업재(합성),21210,3,0,0.0,,1.3862,73439,1568,185
292730,1,FOCUS KRX300,18110,5,-290,-1.58,18132.0,-8.6277,1,0,181
306950,3,KODEX KRX300레버리지,17990,5,-660,-3.54,17979.0,-17.8164,3324,60,180
400590,4,SOL 글로벌탄소배출권선물IHS(합성),9805,2,45,0.46,,,43725,428,176
289040,2,KODEX MSCI KOREA ESG유니버설,11650,5,-150,-1.27,11646.0,-9.3033,1024,12,175
230480,3,KOSEF 미국달러선물인버스2X,7965,2,30,0.38,7969.0,-3.9784,597,4,172
238720,4,KINDEX 일본Nikkei225(H),18985,2,40,0.21,,4.4279,75435,1428,171
360140,2,KODEX 200롱코스닥150숏선물,10585,5,-55,-0.52,10596.0,-8.8679,394,4,169
280320,4,KINDEX 미국IT인터넷S&P(합성 H),21045,2,5,0.02,,-3.3969,229,4,168
140700,2,KODEX 보험,6730,5,-130,-1.9,6733.0,1.4318,97579,664,168
211560,2,TIGER 배당성장,19275,5,-195,-1.0,19274.0,-3.4319,5860,113,168
276000,4,TIGER 글로벌자원생산기업(합성 H),13865,5,-25,-0.18,,4.3658,8275,114,166
237350,1,KODEX 코스피100,29800,5,-450,-1.49,29813.0,-9.3674,2528,75,164
292500,1,SOL KRX300,18075,5,-330,-1.79,18076.0,-8.643,25,0,163
138530,2,TIGER LG그룹+펀더멘털,10710,5,-105,-0.97,10710.0,-10.2264,37504,405,161
304760,1,HANARO KRX300,17810,5,-230,-1.27,17796.0,-8.2763,134,2,160
316670,1,KOSEF 코스닥150,7155,5,-70,-0.97,7216.0,-3.18,245,1,159
241180,4,TIGER 일본니케이225,17610,5,-5,-0.03,,2.0573,82459,1455,158
245350,4,TIGER 유로스탁스배당30,13095,5,-75,-0.57,,2.1371,9822,128,157
225050,4,TIGER 유로스탁스레버리지(합성 H),10460,5,-15,-0.14,,5.0728,9559,99,157
284430,6,KODEX 200미국채혼합,13000,5,-110,-0.84,12954.0,-3.9882,3445,44,156
272910,6,KINDEX 중장기국공채액티브,99065,5,-110,-0.11,98873.0,-2.0274,2,0,156
102960,2,KODEX 기계장비,5955,2,10,0.17,5959.0,-4.1835,54848,327,155
390400,4,KODEX 미국스마트모빌리티S&P,9560,2,115,1.22,,2.7956,21079,201,153
253160,3,ARIRANG 200선물인버스2X,4620,2,150,3.36,4627.0,19.8443,120689,544,152
182490,6,TIGER 단기선진하이일드(합성 H),12550,2,15,0.12,,0.4803,190,2,151
183700,7,KBSTAR 채권혼합,62055,5,-50,-0.08,61872.0,-3.6189,100,6,149
223190,2,KODEX 200가치저변동,10485,5,-130,-1.22,10486.0,-8.5478,297,3,147
153270,1,KOSEF 코스피100,29315,5,-445,-1.5,29283.0,-9.5579,6067,178,147
241390,7,KBSTAR V&S셀렉트밸류채권혼합,12170,5,-105,-0.86,12177.0,-4.06,17433,212,146
269420,4,KODEX S&P글로벌인프라(합성),12500,5,-65,-0.52,,5.3518,16740,210,146
365780,6,KINDEX 국고채10년,93295,5,-1710,-1.8,93287.0,-5.217,704,66,146
361590,2,KBSTAR 코스피ex200,14355,5,-75,-0.52,14339.0,-5.185,15,0,144
367740,2,HANARO Fn5G산업,12445,5,-140,-1.11,12444.0,-8.8946,7977,99,143
139240,2,TIGER 200 철강소재,9170,5,-50,-0.54,9173.0,-12.5,18073,166,141
289250,2,TIGER MSCI KOREA ESG유니버설,11700,5,-170,-1.43,11697.0,-9.4077,3018,35,140
394350,4,KOSEF 릭소글로벌퓨처모빌리티MSCI,11670,2,175,1.52,,11.3549,360499,4182,140
308620,6,KODEX 미국채10년선물,11575,5,-85,-0.73,,-1.4894,12285,142,139
292050,1,KBSTAR KRX300,18210,5,-230,-1.25,18194.0,-8.6303,63,1,137
402520,1,FOCUS 혁신기업액티브,9600,5,-110,-1.13,9615.0,,137,1,134
251590,2,ARIRANG 고배당저변동50,11635,5,-170,-1.44,11674.0,0.6923,3954,46,134
219900,4,KINDEX 중국본토CSI300레버리지(합성),5535,2,55,1.0,,8.0,5127,27,133
360150,2,KODEX 코스닥150롱코스피200숏선물,8835,2,5,0.06,8860.0,8.6047,357,3,133
375760,2,HANARO 탄소효율그린뉴딜,9465,5,-120,-1.25,9465.0,-8.2316,4904,46,133
195920,4,TIGER 일본TOPIX(합성 H),16500,2,60,0.36,,3.7409,8194,135,132
140950,1,파워 코스피100,29710,5,-520,-1.72,29812.0,-9.36,35,1,131
122090,1,ARIRANG 코스피50,27145,5,-430,-1.56,27132.0,-9.7123,6125,166,130
229720,1,KODEX KTOP30,21590,5,-330,-1.51,21590.0,-9.1139,200,4,130
300640,2,KBSTAR 게임테마,19830,2,550,2.85,19822.0,18.6714,139462,2756,129
265690,4,KINDEX 러시아MSCI(합성),36265,5,-495,-1.35,,18.204,6109,222,127
300950,2,KODEX 게임산업,15690,2,245,1.59,15762.0,8.095,21477,337,126
307010,3,KBSTAR KRX300레버리지,17915,5,-610,-3.29,17903.0,-17.4424,215,3,125
391590,4,KINDEX 미국스팩&IPO INDXX,10395,2,360,3.59,,,33722,350,125
253150,3,ARIRANG 200선물레버리지,41495,5,-1375,-3.21,41439.0,-18.6213,893,37,124
251600,7,ARIRANG 고배당주채권혼합,11135,5,-60,-0.54,11135.0,-0.6691,4103,45,122
310080,4,KBSTAR 중국MSCI China(H),12165,5,-40,-0.33,,-2.719,347,4,122
395290,2,HANARO Fn K-POP&미디어,11005,2,45,0.41,10999.0,,121884,1342,121
395160,2,KODEX Fn시스템반도체,9255,5,-135,-1.44,9259.0,,22166,206,120
104520,2,KOSEF 블루칩,10000,5,-120,-1.19,9998.0,-7.4075,3793,38,120
279540,2,KODEX 최소변동성,11915,5,-140,-1.16,11911.0,-6.7684,2,0,119
244670,2,KODEX 밸류Plus,9920,5,-130,-1.29,9953.0,-10.0227,6777,67,119
225030,4,TIGER 미국S&P500선물인버스(H),3655,5,-15,-0.41,,-4.3194,353599,1290,119
401170,2,KBSTAR iSelect메타버스,11395,2,30,0.26,11422.0,,153802,1747,119
253290,7,KBSTAR 헬스케어채권혼합,11820,5,-145,-1.21,11823.0,-5.0984,24682,292,118
253230,3,KOSEF 200선물인버스2X,2280,2,70,3.17,2293.0,19.685,110847,250,118
208470,4,SOL 선진국MSCI World(합성 H),19320,2,50,0.26,,3.4538,1,0,116
244620,2,KODEX 모멘텀Plus,12865,5,-115,-0.89,12880.0,-6.3342,149,1,116
139290,2,TIGER 200 경기소비재,17875,5,-320,-1.76,17880.0,-7.1429,922,16,114
399110,4,SOL 미국S&P500ESG,10360,2,10,0.1,,,17736,184,114
248260,4,TIGER 일본TOPIX헬스케어(합성),11380,2,20,0.18,,-0.1755,226,2,114
139660,7,KOSEF 미국달러선물인버스,10205,2,30,0.29,10197.0,-1.9222,759,7,113
316300,7,KINDEX 싱가포르리츠,12390,2,80,0.65,,1.3082,3365,41,112
196030,4,KINDEX 일본TOPIX레버리지(H),22210,5,-190,-0.85,,8.2622,5823,129,111
100910,1,KOSEF KRX100,6125,5,-95,-1.53,6123.0,-9.514,3443,21,110
271050,5,KODEX WTI원유선물인버스(H),7065,5,-90,-1.26,,-15.1352,32103,226,110
292750,1,ARIRANG KRX300,18035,5,-170,-0.93,18010.0,-8.7529,45,0,108
403790,1,마이다스 KoreaStock액티브,20440,5,-310,-1.49,20441.0,,373,7,107
185680,4,KODEX 미국S&P바이오(합성),32375,2,1035,3.3,,1.3936,2803,90,105
352540,7,KODEX TSE일본리츠(H),13140,2,40,0.31,,-3.3469,63,0,105
270800,2,KBSTAR KQ고배당,14880,5,-225,-1.49,14903.0,-10.577,5944,88,104
373490,2,KODEX K-이노베이션액티브,10835,5,-135,-1.23,10826.0,-5.2885,1630,17,103
395150,2,KODEX Fn웹툰&드라마,10265,5,-50,-0.48,10300.0,,24633,253,103
271060,5,KODEX 3대농산물선물(H),11000,2,165,1.52,,0.2734,13909,152,102
395170,2,KODEX Fn Top10동일가중,9110,5,-180,-1.94,9107.0,,4770,43,100
101280,4,KODEX 일본TOPIX100,16665,5,-205,-1.22,,2.5223,9795,163,100
261070,2,TIGER 코스닥150바이오테크,10625,5,-355,-3.23,10759.0,-16.3386,46711,498,100
402970,4,KINDEX 미국고배당S&P,9960,2,20,0.2,,,204064,2039,100
375270,7,KBSTAR 글로벌데이터센터리츠나스닥(합성),12440,2,120,0.97,,3.3222,1227,15,100
108590,1,TREX 200,39785,5,-585,-1.45,39759.0,-9.0525,306,12,99
145850,2,TREX 펀더멘탈 200,39555,5,-470,-1.17,39526.0,-7.0279,2,0,99
275290,2,KODEX MSCI밸류,12340,5,-135,-1.08,12342.0,-6.6919,1,0,99
342140,7,KINDEX 모닝스타싱가포르리츠채권혼합,9870,5,-60,-0.6,,-3.7543,126,1,99
226380,2,KINDEX Fn성장소비주도주,8205,5,-35,-0.42,8253.0,-1.5597,1006,8,98
368200,2,KBSTAR Fn K-뉴딜디지털플러스,12220,5,-200,-1.61,12212.0,-10.6726,120,1,98
337120,2,KODEX Fn멀티팩터,13865,5,-185,-1.32,13849.0,-8.7829,1001,13,97
243890,2,TIGER 200에너지화학레버리지,21565,5,-315,-1.44,21616.0,-5.4996,1432,31,97
205720,4,KINDEX 일본TOPIX인버스(합성 H),4215,2,45,1.08,,-3.547,4840,20,97
225060,4,TIGER 이머징마켓MSCI레버리지(합성 H),13595,5,-190,-1.38,,-4.1256,75,1,95
285000,2,KBSTAR 200IT,15325,5,-330,-2.11,15322.0,-11.1079,6028,92,95
261060,2,TIGER 코스닥150IT,16335,5,-140,-0.85,16331.0,-3.9683,1024,16,95
400580,4,SOL 유럽탄소배출권선물S&P(H),9450,5,-5,-0.05,,,11254,106,95
105780,2,KBSTAR 5대그룹주,7850,5,-135,-1.69,7849.0,-8.9328,1063,8,94
250730,4,KBSTAR 차이나HSCEI(H),10370,5,-100,-0.96,,-3.8034,5597,58,93
381570,2,HANARO Fn친환경에너지,10840,5,-15,-0.14,10844.0,3.9808,40022,435,92
189400,4,ARIRANG 글로벌MSCI(합성 H),18010,5,-30,-0.17,,2.3295,497,9,92
227830,1,ARIRANG 코스피,30515,5,-300,-0.97,30512.0,-7.6004,6103,186,92
152500,3,KINDEX 레버리지,9080,5,-270,-2.89,9054.0,-18.4554,19633,180,91
156080,1,KODEX MSCI Korea,18070,5,-275,-1.5,18071.0,-9.8304,488,8,90
261120,7,TIGER 미국달러선물인버스2X,9030,2,55,0.61,9025.0,-4.0383,161,1,90
364690,1,KODEX 혁신기술테마액티브,12850,5,-190,-1.46,12880.0,-8.9621,867,11,90
272230,2,KINDEX 스마트밸류,14870,5,-225,-1.49,14854.0,-9.4949,21,0,89
402460,2,HANARO Fn K-메타버스MZ,11115,5,-70,-0.63,11120.0,,53904,600,89
256450,4,ARIRANG 심천차이넥스트(합성),14765,2,125,0.85,,-1.0057,767,11,89
137930,3,마이다스 200커버드콜5%OTM,14630,3,0,0.0,14406.0,-7.7562,0,0,88
140570,2,KBSTAR 수출주,12470,5,-110,-0.87,12459.0,-9.5722,38,0,87
226980,1,KODEX 200 중소형,14500,5,-100,-0.68,14496.0,-5.2598,793,11,87
394340,4,KOSEF 릭소글로벌디지털경제MSCI,10860,2,125,1.16,,5.0798,418,4,87
131890,2,KINDEX 삼성그룹동일가중,17340,5,-250,-1.42,17298.0,-4.8821,811,14,87
277650,2,TIGER 코스피중형주,17330,5,-195,-1.11,17376.0,-5.9431,469,8,87
333970,2,ARIRANG KS밸류가중TR,15755,5,-105,-0.66,15755.0,-6.9404,3021,47,87
322150,2,KINDEX 스마트하이베타,14365,5,-220,-1.51,14346.0,-9.5404,21,0,86
266390,2,KODEX 경기소비재,12255,5,-100,-0.81,12244.0,-10.2856,4466,54,86
251890,1,KINDEX 코스닥(합성),14260,5,-190,-1.31,14224.0,-4.4236,200,2,86
104530,2,KOSEF 고배당,9435,5,-165,-1.72,9462.0,1.4298,7896,75,85
399580,4,KBSTAR 글로벌클린에너지S&P,10595,2,275,2.66,,,182134,1932,85
300610,2,TIGER K게임,16895,2,425,2.58,16894.0,21.0677,32171,543,84
183710,7,KBSTAR 주식혼합,42185,5,-380,-0.89,42126.0,-6.9791,3,0,84
261140,2,TIGER 우선주,13565,5,-200,-1.45,13563.0,-6.6543,5535,75,84
272220,2,KINDEX 스마트모멘텀,16720,5,-255,-1.5,16707.0,-9.3276,52,0,84
289670,6,ARIRANG 국채선물10년,55000,3,0,0.0,54146.0,-5.4279,0,0,84
307510,2,TIGER 의료기기,18575,5,-265,-1.41,18587.0,-12.8139,1857,34,84
159800,1,마이티 코스피100,29745,5,-355,-1.18,29520.0,-8.8416,1,0,83
167860,6,KOSEF 국고채10년레버리지,118975,5,-3700,-3.02,118867.0,-10.7331,3047,367,83
380340,2,KINDEX Fn5G플러스,8325,5,-140,-1.65,8314.0,-11.5773,1366,11,83
252000,1,TIGER 200동일가중,12695,5,-325,-2.5,12694.0,-6.4481,62,0,83
315270,2,TIGER 200커뮤니케이션서비스,31680,5,-320,-1.0,31883.0,-10.846,6046,191,82
322130,2,KINDEX 스마트로우볼,16395,5,-250,-1.5,16382.0,-8.1513,21,0,82
291130,4,KINDEX 멕시코MSCI(합성),10210,5,-165,-1.59,,0.1962,214,2,82
292560,7,TIGER 일본엔선물,10140,5,-35,-0.34,10146.0,-1.9343,1549,15,81
354240,7,KBSTAR 미국고정배당우선증권ICE TR,10800,3,0,0.0,,2.8571,12379,134,81
404470,2,HANARO KRX기후변화솔루션,9870,5,-120,-1.2,9865.0,,16436,164,79
403990,2,KBSTAR KRX기후변화솔루션,9865,5,-120,-1.2,9866.0,,21774,218,79
404650,2,SOL KRX기후변화솔루션,9860,5,-125,-1.25,9865.0,,2033,20,79
291630,3,KOSEF 코스닥150선물레버리지,6500,5,-145,-2.18,6511.0,-4.6921,3079,20,79
261260,7,KODEX 미국달러선물인버스2X,9070,2,20,0.22,9067.0,-3.7155,13310,120,78
275280,2,KODEX MSCI모멘텀,12885,5,-115,-0.88,12878.0,-8.8756,1,0,77
401590,4,HANARO 글로벌탄소배출권선물ICE(합성),9635,2,65,0.68,,,17735,171,77
234310,2,KBSTAR V&S셀렉트밸류,15335,5,-325,-2.08,15330.0,-7.2293,372,5,77
139320,5,TIGER 금은선물(H),9525,5,-20,-0.21,,-1.7028,1886,17,76
319870,2,KBSTAR KRX300미국달러선물혼합,15060,5,-260,-1.7,15012.0,-6.7781,304,4,75
305050,1,KINDEX 코스피,30115,5,-395,-1.29,30082.0,-8.2839,315,9,75
228820,1,TIGER KTOP30,10720,5,-160,-1.47,10718.0,-9.2295,484,5,75
244660,2,KODEX 퀄리티Plus,10715,5,-75,-0.7,10680.0,-7.1088,2789,29,75
252650,1,KODEX 200동일가중,12470,5,-180,-1.42,12433.0,-6.3463,33,0,75
395280,2,HANARO Fn K-게임,9265,2,10,0.11,9259.0,,64508,599,74
213610,2,KODEX 삼성그룹밸류,9195,5,-155,-1.66,9196.0,-7.8658,3074,28,74
368470,2,KINDEX Fn K-뉴딜디지털플러스,14610,5,-275,-1.85,14583.0,-10.6696,154,2,73
166400,3,TIGER 200커버드콜5%OTM,14540,5,-310,-2.09,14541.0,-8.7544,14,0,73
395270,2,HANARO Fn K-반도체,9035,5,-165,-1.79,9033.0,,9218,84,72
252730,2,KBSTAR 모멘텀로우볼,15975,5,-235,-1.45,15961.0,-7.659,20,0,72
298340,6,ARIRANG 국채선물3년,52740,3,0,0.0,52538.0,-1.6829,0,0,72
117690,4,TIGER 차이나항셍25,15910,5,-170,-1.06,,0.9838,286,4,72
261270,7,KODEX 미국달러선물인버스,9785,2,5,0.05,9794.0,-1.8556,3045,29,71
373790,4,KOSEF 미국방어배당성장나스닥,11880,2,85,0.72,,3.1518,1587,18,71
277640,2,TIGER 코스피대형주,14240,5,-260,-1.79,14295.0,-9.9703,52,0,71
391670,1,HK 베스트일레븐액티브,9480,5,-130,-1.35,9481.0,-3.4624,1027,9,71
371150,4,KBSTAR 차이나항셍테크,8360,5,-90,-1.07,,-5.0,10762,90,71
322120,2,KINDEX 스마트퀄리티,17595,5,-290,-1.62,17572.0,-9.8386,20,0,70
379790,4,KBSTAR 유로스탁스50(H),10795,5,-20,-0.18,,2.9075,1033,11,70
314700,2,HANARO 농업융복합산업,12670,5,-110,-0.86,12663.0,-5.8693,3648,46,70
333960,2,ARIRANG KS모멘텀가중TR,15475,5,-115,-0.74,15473.0,-8.6752,6123,95,70
261110,7,TIGER 미국달러선물레버리지,9915,5,-15,-0.15,9925.0,3.605,10882,108,69
333950,2,ARIRANG KS로우사이즈가중TR,17050,5,-105,-0.61,17046.0,-6.1641,6020,102,68
306530,3,HANARO 코스닥150선물레버리지,13115,5,-265,-1.98,13126.0,-4.7913,733,9,68
269370,4,TIGER S&P글로벌인프라(합성),11185,5,-25,-0.22,,5.0925,402,4,67
391680,1,HK 하이볼액티브,8945,5,-185,-2.03,8978.0,-8.5846,1426,12,67
237440,7,TIGER 경기방어채권혼합,9550,5,-90,-0.93,9553.0,-4.5478,7718,73,67
373530,4,ARIRANG 신흥국MSCI인버스(합성 H),9225,2,120,1.32,,-0.4855,255,2,66
304670,4,KODEX 미국채울트라30년선물인버스(H),7340,2,65,0.89,,1.2413,25367,185,66
238670,7,ARIRANG 스마트베타Quality채권혼합,10980,5,-50,-0.45,10977.0,-4.5633,574,6,66
105010,4,TIGER 라틴35,3290,5,-15,-0.45,,-12.8477,3223,10,66
138920,5,KODEX 콩선물(H),10955,2,40,0.37,,-9.4629,1755,19,66
145670,3,KINDEX 인버스,5055,2,85,1.71,5057.0,9.8913,27398,137,66
289480,2,TIGER 200커버드콜ATM,10930,5,-80,-0.73,10901.0,-4.9979,9,0,66
195970,4,ARIRANG 선진국MSCI(합성 H),12380,2,45,0.36,,0.8143,2252,27,64
192720,2,파워 고배당저변동성,30635,5,-320,-1.03,30729.0,-4.736,64,1,64
301440,2,ARIRANG 코스피중형주,12755,5,-60,-0.47,12751.0,-5.6583,6060,77,64
140580,2,KBSTAR 우량업종,12350,5,-160,-1.28,12349.0,-7.0381,303,3,62
275300,2,KODEX MSCI퀄리티,10275,5,-165,-1.58,10272.0,-9.4714,51,0,62
376250,2,ARIRANG 탄소효율그린뉴딜,9480,5,-130,-1.35,9488.0,-8.3173,5893,56,62
307520,2,TIGER 지주회사,11185,5,-145,-1.28,11179.0,-11.195,1226,13,62
333940,2,ARIRANG KS로우볼가중TR,13415,5,-115,-0.85,13408.0,-6.5808,3042,41,60
269530,4,ARIRANG S&P글로벌인프라,12040,5,-30,-0.25,,4.1072,2605,31,60
215620,2,HK S&P코리아로우볼,12460,3,0,0.0,12363.0,-2.8662,0,0,60
292340,2,마이티 200커버드콜ATM레버리지,9915,5,-145,-1.44,9881.0,-11.4337,5,0,59
176710,6,파워 중기국고채,98270,3,0,0.0,98214.0,-1.5679,0,0,59
174350,2,TIGER 로우볼,12275,5,-230,-1.84,12329.0,-2.6181,4583,56,59
290080,2,KBSTAR 200고배당커버드콜ATM,8340,2,5,0.06,8324.0,-1.0677,24,0,58
267440,4,KBSTAR 미국장기국채선물(H),11560,5,-50,-0.43,,-2.1997,1591,18,58
261920,4,KINDEX 필리핀MSCI(합성),14315,2,25,0.17,,12.0547,198,2,57
253280,2,KBSTAR 헬스케어,14085,5,-510,-3.49,14079.0,-13.589,29765,422,56
281990,2,KBSTAR 중소형고배당,12415,5,-90,-0.72,12402.0,-3.0836,112,1,56
321410,7,KODEX 멀티에셋하이인컴(H),11000,2,5,0.05,,0.4566,101,1,55
220130,4,SOL 중국본토 중소형 CSI500(합성 H),6020,5,-15,-0.25,,5.614,216,1,54
098560,2,TIGER 방송통신,9905,5,-65,-0.65,9901.0,-4.5762,3546,35,53
346000,6,HANARO KAP초장기국고채,43135,5,-1065,-2.41,43326.0,-8.9095,1802,78,53
292770,6,KODEX 국채선물3년인버스,50655,2,75,0.15,50760.0,1.6658,43,2,52
301410,3,ARIRANG 코스닥150선물인버스,6880,2,70,1.03,6890.0,0.1455,13365,91,52
295820,1,ARIRANG 200동일가중,11425,5,-90,-0.78,11422.0,-6.6967,110,1,51
299080,6,KINDEX 국채선물3년인버스,101360,3,0,0.0,101565.0,1.8877,0,0,51
139310,5,TIGER 금속선물(H),7220,2,80,1.12,,2.3387,51065,369,51
371870,4,KINDEX 차이나항셍테크,8225,5,-90,-1.08,,-5.7847,2239,18,49
299070,6,KINDEX 국채선물10년인버스,98520,5,-105,-0.11,99465.0,4.7806,10,0,49
291680,4,KBSTAR 차이나H선물인버스(H),10870,2,150,1.4,,2.1616,726,7,49
275750,1,KBSTAR 코스닥150선물인버스,4585,2,45,0.99,4592.0,0.4381,8615,39,48
227550,2,TIGER 200 산업재,6220,5,-80,-1.27,6217.0,-16.9005,934,5,47
157500,2,TIGER 증권,4680,5,-30,-0.64,4681.0,-3.4056,5276,24,46
333980,2,ARIRANG KS퀄리티가중TR,15215,5,-170,-1.1,15215.0,-7.1691,3020,46,46
334690,5,KBSTAR 팔라듐선물(H),11410,2,25,0.22,,-24.587,2031,23,46
295000,6,KBSTAR 국채선물10년,53745,5,-375,-0.69,53266.0,-4.5043,56,3,45
280920,2,ARIRANG 주도업종,11245,5,-100,-0.88,11241.0,-10.1479,3058,34,45
147970,2,TIGER 모멘텀,24715,5,-325,-1.3,24791.0,-5.8297,76,1,44
253240,3,KOSEF 200선물인버스,5325,2,75,1.43,5343.0,9.4552,12073,64,44
280940,4,KODEX 골드선물인버스(H),7235,2,20,0.28,,0.6958,4177,30,43
287300,2,KBSTAR 200건설,12745,5,-25,-0.2,12748.0,-6.9029,1915,24,43
285010,2,KBSTAR 200중공업,10750,2,55,0.51,10745.0,-8.5885,7162,77,43
266550,2,ARIRANG 중형주저변동50,12125,5,-80,-0.66,12120.0,-2.0203,3109,37,42
309210,2,ARIRANG KRX300헬스케어,11055,5,-475,-4.12,11157.0,-16.6604,38936,436,42
291620,3,KOSEF 코스닥150선물인버스,7915,2,95,1.21,7909.0,0.5717,9777,76,42
295020,6,KBSTAR 국채선물10년인버스,49725,2,725,1.48,49623.0,5.8767,295,14,42
342600,6,KBSTAR KRX국채선물3년10년스티프너2X,51785,2,170,0.33,51781.0,0.4558,16,0,41
291890,4,KODEX MSCI EM선물(H),10245,5,-55,-0.53,,-1.2531,473,4,41
342500,6,KBSTAR KRX국채선물3년10년스티프너,51165,2,90,0.18,51161.0,0.2842,16,0,41
302170,6,TIGER 국채선물3년인버스,50645,3,0,0.0,50837.0,1.855,0,0,41
302180,6,TIGER 국채선물10년인버스,50100,2,320,0.64,50399.0,5.0975,23,1,40
342610,6,KBSTAR KRX국채선물3년10년플래트너,49920,5,-90,-0.18,49892.0,0.0,19,0,40
267450,4,KBSTAR 미국장기국채선물인버스(H),7950,2,35,0.44,,1.2738,7861,62,40
217770,4,TIGER 원유선물인버스(H),4955,5,-50,-1.0,,-14.6426,14478,71,40
227560,2,TIGER 200 생활소비재,10420,5,-95,-0.9,10405.0,-10.558,9434,98,40
342620,6,KBSTAR KRX국채선물3년10년플래트너2X,49120,5,-415,-0.84,49123.0,-0.2843,16,0,39
267490,4,KBSTAR 미국장기국채선물레버리지(합성 H),12735,5,-165,-1.28,,-9.3272,467,6,38
278420,2,ARIRANG ESG우수기업,9545,5,-135,-1.39,9544.0,-4.2628,3542,33,38
315480,2,KBSTAR 200커뮤니케이션서비스,19810,5,-25,-0.13,19805.0,-10.4026,253,4,36
217790,2,TIGER 가격조정,23965,5,-435,-1.78,23933.0,-10.4782,1039,24,34
267500,4,KBSTAR 미국장기국채선물인버스2X(합성 H),6040,3,0,0.0,,3.9586,7661,46,33
284980,2,KBSTAR 200금융,9065,5,-120,-1.31,9067.0,0.7782,2843,25,31
301400,1,ARIRANG 코스닥150,14335,5,-115,-0.8,14489.0,-2.6486,80,1,29
252720,2,KBSTAR 모멘텀밸류,14100,5,-175,-1.23,14094.0,-8.4119,27,0,28
285020,2,KBSTAR 200철강소재,8855,5,-55,-0.62,8853.0,-12.1528,3007,26,25
284990,2,KBSTAR 200에너지화학,13650,5,-130,-0.94,13649.0,-2.3606,412,5,25
397420,6,KBSTAR 국채선물5년추종,48460,5,-290,-0.59,48448.0,,14,0,23
334700,5,KBSTAR 팔라듐선물인버스(H),5560,5,-50,-0.89,,23.5555,497,2,22
287330,2,KBSTAR 200생활소비재,7945,5,-75,-0.94,7940.0,-10.3779,798,6,19
287310,2,KBSTAR 200경기소비재,11090,5,-165,-1.47,11089.0,-6.9631,615,6,16
287320,2,KBSTAR 200산업재,11145,5,-150,-1.33,11124.0,-16.2031,88,0,13
